id,nome_idoso,telefone,data_contato,etapa_codigo,prioridade_codigo,origem_indicacao,descricao_caso,endereco_visita,status_parecer_medico,parecer_medico,parecer_diretoria,status_contrato,data_integracao,relatorio_integracao,data_admissao,motivo_arquivamento,criado_em
7ec0ea5d-8214-42d7-addb-672e65b52427,teste,,,decisao_diretoria,padrao,,,,,,,,pendente,,,,2026-04-21
1c973e65-c5d8-4389-9ad2-e1afb1bdfccd,d+,,,arquivado,padrao,,,,,,,,pendente,,,,Desistência do idoso — Teste.,2026-04-16
a2567e67-5444-4393-b5c4-74bd0a0829d8,Benedita Enes Muzatti,16 99708-0768,2025-08-19,arquivado,padrao,contato_direto,"A Sra. Benedita tem 87 anos, nascida em 08/03/1938, tem quatros filhos (Marcos, Francisco, Antônio e Joana). Atualmente, a idosa reside com a filha Joana, há aproximadamente um ano. O filho Marcos compareceu no Lar solicitando orientações sobre a situação da mãe. Segundo ele, a idosa alterna a estadia na casa dos irmãos. Ele tem observado comportamentos agressivos por parte da idosa, por não aceitar sair de sua própria casa. O que tem provocado discórdia entre os familiares, além de sobrecarregar a irmã Joana e seu marido. Sugerimos o Centro Dia, mas a idosa está na filha de espera, na posição 52, pedido registrado em julho de 2025. Destacamos outras alternativas como o Lar Aconchego e SCFV no CRAS. Relatório realizado pela Sra. Camila C. de O. Souza, Assistente Social. 19/08/2025 - Em contato telefônico com a Assistente Social do CRAS Bandeirantes Alessandra, a referida comprometeu-se a visitar a idosa e convidá-la para participar do grupo. Inclusive, a profissional irá conversar com a filha sobre a questão da locomoção da mãe até o grupo. Estamos no aguardo sobre a evolução do caso, por parte do CRAS. Relatório realizado pela Sra. Camila C. de O. Souza, Assistente Social.","Rua Luiz Fenerich, nº 23, Vale Verde",,,,pendente,,,,"Desistência do idoso — No momento, não há vagas femininas.",2026-04-16
66d57077-915d-4a9b-bbf2-23c0aec8b766,Antônia Aparecida Bueno,16 98220-1182 Breno,2025-12-11,arquivado,padrao,contato_direto,"Antônia tem 77 anos, aposentada, reside com o sobrinho Breno, a esposa (Maria Eduarda) e um bebê (Ravi) de quatro meses. O sobrinho tem 23 anos, trabalha na HBA e compareceu no Lar para solicitar uma vaga de acolhimento. Maria Eduarda tem 20 anos, trabalha no Serv Bem. No momento, a Sra. Antônia é cuidada por eles, mas após o nascimento do Ravi, o sobrinho notou que o convívio com a idosa piorou. Pois, a referida não respeita a Sra. MAria Eduarda. Segundo Breno, a idosa é orientada e consciente. Tem problemas de fala desde criança, tem dificuldade de audição, é diabética e tem pressão alta, fazendo uso de medicamento para tal. Breno está preocupado com a tia, pois há momentos, em que ela abre o portão para desconhecidos e esquece de desligar as chamas do fogão. Relatório realizado pela Sra. Liliane Bertolazzi, Assistente Social.","Rua França, nº 141, Jardim Santana",,,,pendente,,,,"Desistência do idoso — No momento, não há vagas femininas.",2026-04-16
02f3e1f2-3f79-4089-a06d-7e2014a9b7e2,Dádiva de Oliveira,11 94857-2006 Sandra,2025-08-07,arquivado,padrao,contato_direto,"A Sra. Dávida está acolhida na Clínica Aconchego desde 2022. Ela tem três filhos, sendo duas falecidas (Leovirginia e Sonia). A Sra. Sonia procurou o Lar para solicitar uma vaga, tendo em vista que, os recursos financeiros se esgotaram e não conseguem arcar com as despesas da internação. Segundo a filha, a idosa é consciente e possui pouca mobilidade. Não soube informar sobre o uso de medicamentos e possíveis doenças. A referida foi orientada sobre os critérios de acolhimento do Lar. Relatório realizado pela Sra. Izabela, Assistente Social. 29/12/2025 - A Sra. Sandra reiterou o pedido de vaga, após alguns meses. Informando um novo quadra de saúde da idosa. A Sra. Dádiva não anda, locomove-se apenas com cadeira de rodas e acredita que ela tenha Alzheimer.  ",Clínica Aconchego,,,,pendente,,,,"Desistência do idoso — Idosa acolhida na Clínica Aconchego. No momento, não há vagas femininas.",2026-04-15
410f907f-3d58-4632-8a49-2b16d99ae1bb,Roberta Luchi Salla,16 99154-5100,2025-12-18,arquivado,padrao,contato_direto,"A senhora Roberta procurou o Lar para solicitar o acolhimento. Ela é viúva e tem dois filhos (Flávio e Silvana). Relatou que, sente-se muito sozinha e não encontra com filhos com frequencia, porque eles trabalham muito. Mas destacou que, possui boa convivência com ambos. A idosa foi informada sobre os critérios de acolhimento do Lar. E que no momento, não há vagas disponíveis. Relatório realizado pela Sra. Liliane Bertolazzi, Assistente Social.","Rua Antônio da Silva, nº 468, Centro.",,,,pendente,,,,"Desistência do idoso — No momento, não há vagas femininas.",2026-04-15
83a13456-9bf5-4faf-afa3-793e2248545f,Lourdes Gonçalves Garcia,,2025-12-08,arquivado,padrao,contato_direto,"A Sra. Lourdes tem 89 anos, viúva, quatro filhos. Atualmente, reside com um dos filhos e a nora. Segundo o filho, a idosa não tem problemas de saúde, apenas períodos de confusão, oriundos da idade avançada. A referida recebe o BPC e não possui empréstimos. Orientamos sobre os critérios de acolhimento do Lar. E que no momento, não há vagas disponíveis. Inclusive, recomendamos que ele procure o Centro Dia, para verificar a disponibilidade de vaga, para que a idosa realizasse atividades. O mesmo concordou com a alternativa. Ressaltamos, a importância da família na vida do idoso. Relatório realizado pela Sra. Liliane Bertolazzi, Assistente Social.","Rua Portugal, nº 157, Jardim Santana",,,,pendente,,,,"Desistência do idoso — No momento, não há vagas femininas.",2026-04-15
3fe0e914-fa2d-4b4f-8049-231e3c3e4141,Isabel Fernandes V.,16 99291-3547 Mara,2026-12-16,arquivado,padrao,contato_direto,"A idosa Isabel tem 81 anos, reside com o Sr. Manoel (namorado, há sete anos) e tem três filhos. Mara reside na cidade de Jaboticabal/SP, José Carlos e Roseli residem na cidade de São Bernardo do Campo/SP. A Sra. Isabel tem Alzheimer, grau I, sendo este o motivo do Sr. Manoel não querer dar continuidade na relação. A referida faz uso de medicamentos, é consciente e tem apenas alguns períodos de esquecimento. Atualmente, a filha Mara e a sua filha se revezam para cuidar da Sra. Isabel. Orientamos sobre os critérios de acolhimento do Lar. E que no momento, não há vagas disponíveis. Inclusive, orientamos para que procurem o Centro Dia, mas a Sra. Mara informou que a maior preocupação, é no período noturno. Diante do exposto, ressaltamos, a importância da família na vida do idoso. Relatório realizado pela Sra. Liliane Bertolazzi, Assistente Social.","Rua Joaquim Aleixo, nº 140, Canaã",,,,pendente,,,,"Desistência do idoso — No momento, não há vagas femininas.",2026-04-15
ce1b9fbc-37c8-4556-9c61-3e9fa5fa9b81,Maria Ferreira de Souza,16 98168-0287,2025-12-30,arquivado,padrao,contato_direto,"A Sra. Maria de Fátima tem 84 anos, aposentada. A sobrinha Keli veio até o Lar solicitar uma vaga, pois a idosa em questão, convive com outros dois idosos que estão sem condições de prover os cuidados necessários que ela precisa. A Sra. Keli destaca que a idosa é deficiente visual (olho direito) há muitos anos, usa óculos com grau elevado e faz uso de medicamentos diários para pressão, circulação e tireoide. A mesma disse que a idosa foi hospitalizada na UTI da Santa Casa, por duas vezes, por conta do potássio baixo. Desde a última internação, a idosa está com medo de andar, ficando a maior parte do tempo, na cama. A sobrinha foi orientada sobre os critérios de acolhimento do Lar e que, deve procurar o CREAS para informar a situação. Por fim, ressaltamos à Sra. Keli a importância da idosa fazer acompanhamento com fisioterapeuta. Relatório realizado pela Sra. Liliane Bertolazzi, Assistente Social.","São Lucas, nº 336, São Francisco",,,,pendente,,,,"Desistência do idoso — No momento, não há vagas femininas.",2026-04-15
d6d9ea55-8b84-4218-be75-772e95fa3ad9,Nair Pressendo T. ,16 99142-7991 Ivani, filha,2025-01-14,arquivado,padrao,contato_direto,"A Sra. Nair possui 89 anos, aposentada, tem quatro filhos (Ivani, Maria Helena, Vanderlei e Antônia). A Sra. Ivani, filha é quem cuida da mãe há dezesseis anos, e por conta da idade, já não consegue mais, prestar os devidos cuidados à mãe. Segundo a filha, a idosa tem interesse em ser acolhida pelo Lar. Informamos sobre os critérios de acolhimento do Lar. E que no momento, não há vagas disponíveis. Relatório realizado pela Sra. Liliane Bertolazzi, Assistente Social.","Rua São Benedito, nº 375, São Marcos",,,,pendente,,,,"Desistência do idoso — No momento, não há vagas femininas.",2026-04-15
20a7607e-d0cd-4d9b-8183-7792586fcd41,Tereza Madalena de Oliveira,,,arquivado,padrao,creas_prefeitura,"A Sra. Tereza tem 87 anos, solteira, sem filhos. Reside em um imóvel próprio, com os sobrinhos (na casa dos fundos). A idosa faz tratamento no CAPS e recebe acompanhamento do agente comunitário Sr. Willian. A referida foi encaminhada pelo Pronto Socorro devido a constantes demandas para atendimento. ","Rua Carlos Kielander, nº 1023, Califórnia",,,,pendente,,,,"Desistência do idoso — No momento, não há vagas femininas.",2026-04-15
50aee8c2-e95f-4978-9fdf-e725b92b8b61,Petrolina Souza da Silva,16 99242-1990,,arquivado,padrao,contato_direto,"A Sra. Rose, filha da idosa Petrolina solicitou uma vaga no Lar. A idosa é mãe de três filhos, dois residem em Alagoas. ",Rua Antônia da Silva,,,,pendente,,,,"Desistência do idoso — No momento, não há vagas disponíveis.",2026-04-15
8996886b-5726-4537-8b1a-0084ad3ed912,Ruth Teixeira,(16) 98853-2835,2025-07-30,arquivado,padrao,creas_prefeitura,"O CREAS fez o encaminhamento da Sra. Ruth. A idosa tem 60 anos, solteira e não possui filhos, Atualmente reside com o namorado, mas relata que não possuem uma boa convivência. Ela possui três irmãos, Lourdes, Patrícia e Daniel. Sendo o último, dependente químico. A referida expressa o desejo de ser acolhida no Lar. Ela faz tratamento no CAPS. Segundo, o equipamento em questão, ela não adere ao tratamento conforme orientação médica. 30/01/2026 - O CRAS informou que a idosa largou o namorado e está residindo com o sobrinho Washington, no endereço Rua Portugal, nº 169, Jardim Santana, em Monte Alto/SP. O equipamento, informou também que, o BPC está bloqueado há quatro meses. O INSS iria verificar a situação. Contato do sobrinho: (16) 98853-2835.","Rua Roberto Lauer, nº 90, Jardim Tangará",,,,pendente,,,,"Desistência do idoso — No momento, não há vagas disponíveis.",2026-04-15
02c9d51c-d8bf-4960-911f-49b0b08e33ce,Antônia Maria de Lima,16 99706-2425,2026-02-18,arquivado,padrao,contato_direto,"A Sra. Antônia possui 70 anos, tem apenas um filho Elson Henrique de Souza (99) 99180-6969, residente na cidade de Imperatriz, no Maranhão. Atualmente, a idosa está acolhida na Clínica Nossa Senhora de Fátima, em Jaboticabal/SP. A irmã Helena Maria de Lima Silva solicita que ligue para ela, quando agendar a visita.","Rua Manoel Coelho Filho, Canãa",,,,pendente,,,,"Desistência do idoso — A idosa está acolhida na Clínica Nossa Senhora de Fátima, em Jaboticabal/SP.",2026-04-15
7c53cf3b-c84c-4870-83c1-6ed673e3c5f9,Elidia Matias,16 99108-4718,2026-02-18,arquivado,padrao,,"A Sra. Elidia possui 84 anos, reside com o filho. ",Rua Aldo Peloso,,,,pendente,,,,"Desistência do idoso — No momento, não há vagas disponíveis.",2026-04-14
c2abc7a7-01da-41ef-9add-023af907965b,Marlene Fontani Pavalin,16 99961-5544 Rafael, filho,2026-03-30,arquivado,padrao,,"Rafael Felipe Pavalin é filho único da Sra. Marlene e reside com a mesma. Ela é viúva e possui 67 anos. O filho solicita a vaga, pois a idosa permanece muito solitária. ",Rua São Marcos,,,,pendente,,,,"Desistência do idoso — No momento, não há vagas disponíveis.",2026-04-14
f3e18986-0e37-4827-8e10-2201a1a07502,Sebastião Feliciano,16 99258-9427 Tainá, filha,2025-09-15,arquivado,padrao,creas_prefeitura,"Encaminhamento recebido pelo CREAS. Visita domiciliar realizada no dia 17/09/2025. O Sr. Sebastião reside sozinho em um imóvel alugado. Ele tem três filhos, Tainá, Michel e Adriel. O mesmo, relata dificuldades para manter a higiene do lugar, devido as limitações de saúde. Ele recebe poucas visitas, podendo contar apenas com o apoio eventual da igreja local. O idoso possui histórico de dois infartos e dois AVCs. É hipertenso e fumante. Realizou uma cirurgia cardíaca para colocar safena. Ele diz sentir tonturas frequentes e limitações para andar a longas distância. Atualmente, ele faz acompanhamento médico regular com especialistas: Cardiologista, neurologista e proctologista (no AME em Ribeirão Preto/SP). 19/09/2025 - A filha Tainá alega que não tem condições financeiras de ajuda o pai. 06/10/2025 - A filha Tainá recebeu novamente orientações sobre os critérios do Lar para realizar o abrigo. 07/01/2026 - Visita domiciliar realizada, o idoso estava acompanhado da irmã Regina. Ela disse que pretendia levá-lo para morar com ela, na cidade de Taquaritinga/SP. O Sr. Sebastião disse que ´pensaria na possibilidade. Reiteramos que, no momento, não há vagas disponíveis. Relatório realizado pela Sra. Liliane Bertolazzi, Assistente Social.","Rua Francisco Paulo Lépore, nº 279 - Vale dos Sonhos",,,,pendente,,,,"Desistência do idoso — O idoso estava pensando na possibilidade morar com a irmã Regina...",2026-04-14
abd01014-1769-4240-93ae-d1cbe1b8daba,Paulo Cesas Damasceno,,,arquivado,padrao,,,,,,.,.,pendente,,,,Desistência do idoso,2026-04-14
ae7a973a-1a86-4eae-980d-09557446ebec,José Roberto de Oliveira,,2025-12-04,arquivado,padrao,contato_direto,"O idoso José Roberto tem três filhas, Alauanda, Simone e Aline. A filha Alauanda procurou o Lar para solicitar uma vaga para o pai. Atualmente, ele está na Clínica Ehidi, há uns três meses. Ela relata que tiveram que vender o carro, para custear as despesas da clínica. O idoso é diabético (diabetes controlada), hipertenso, labirintite e câncer de pele.  Perna direita amputada há quatro meses. Alauanda diz que ela e as irmãs não possuem condições psicológicas e infraestrutura para acolher o pai em casa. Por isso, decidiram procurar o Lar. 02/02/2026 - Visita realizada para o Sr. José Roberto na Clínica Ehidi. Idoso consciente, orientado e com grau II de dependência. Ele não soube informar os medicamentos que faz uso. Não faz uso de fraldas. Por fim, ele disse que precisa ver com filhas se há multa contratual com a Clínica, caso consiga uma vaga no Lar. O idoso foi informado sobre os critérios de acolhimento do Lar. Relatório realizado pela Sra. Liliane Bertolazzi, Assistente Social. 26/02/2026 - Avaliação social realizada pela Vera Brandão, Assistente Social.",Clínica Dr. Ehidi,,,,pendente,,,,Desistência do idoso — .,2026-04-14
9a3f7f53-6d18-4989-9a09-963324f7ac65,João Gonçalves Leite,16 99179-2313,2025-12-01,arquivado,padrao,contato_direto,"O Sr. João não tem filhos e reside com a irmã idosa. A sobrinha Regiane, acompanhada pelo marido Ricardo solicitam uma vaga para o tio idoso. Relatam que ele possui bronquite, asma e esquizofrenia. O mesmo faz uso de medicamentos. Possui dificuldade para deglutir e limitação para andar. Porém, é consciente e orientado. Atualmente, o idoso recebe R$ 1.800 mensais, pois a renda de três salários mínimos foi comprometida com empréstimos. Segundo eles, os empréstimos foram realizados pelo irmão caçula da Regiane (para uso pessoal do mesmo). Eles relatam também que, o irmão gerencia a conta do tio, e por diversas vezes, houve falta de alimentos e água. Diante do cenário, acreditam que o acolhimento do tio é o melhor a se fazer, neste momento. Eles foram informados sobre os critérios de acolhimento do Lar. E que no momento, não há vagas disponíveis. Solicita-se encaminhar o pedido para o CREAS. Relatório realizado pela Sra. Liliane Bertolazzi, Assistente Social.","Rua Marcelino Rossigali, nº 70, Jardim Esperança",,,,pendente,,,,"Desistência do idoso — A sobrinha foi informada sobre os critérios de acolhimento do Lar. E que no momento, não há vagas disponíveis.",2026-04-14
7ee25511-caaa-498e-aac0-23760a929d15,Martin Romão,16 99282-9233,2023-11-16,arquivado,padrao,contato_direto,"O idoso possui 81 anos, viúvo, tem três filhos, ambos residentes em Monte Alto/SP. Saúde: Lúcido, consciente, problema de pressão, asma, dificuldade na visão (retina) e está em acompanhamento no Hospital de Câncer, na cidade de Barretos/SP. Ele já foi acolhido no Lar, há três anos e pediu o desacolhimento para ajudar nos cuidados do filho, na época, o filho fazia tratamento nos rins. Recentemente, o idoso decidiu voltar a morar no Lar, alegando preocupação sobre cuidados futuros, caso venha precisar. Os filhos dizem que ele está precipitado. O Sr. Martin foi orientado sobre os critérios de acolhimento do Lar. E que neste momento, não há vagas disponíveis. Relatório realizado pela Priscila, Izabela e Liliane.",Rua das Papoulas,,,,pendente,,,,"Desistência do idoso — O idoso foi informado sobre os critérios de acolhimento do Lar. E que no momento, não há vagas disponíveis.",2026-04-14
7d4674da-7065-432e-8865-7ade39e533df,Geraldo Abril,16 3241-0761,2025-09-10,arquivado,padrao,contato_direto,"O Sr. Geraldo com 60 anos, procurou o Lar, informou que tem dois filhos que residem na cidade de Foz do Iguaçu, e possui pouco contato com eles. Atualmente, ele é casado com uma senhora de 75 anos. Segundo o idoso, a relação é conflituosa, porque a companheira é nervosa e impaciente. O Sr. Geraldo sente-se inseguro na casa onde reside, pois tem escadas. Ele relata ter medo de sofrer um acidente e não ter ninguém ajudá-lo. O mesmo diz ter problemas de audição. Ele foi devidamente orientado sobre os critérios de acolhimento do Lar. E que neste momento, não há vagas disponíveis. Relatório realizado pela Sra. Camila C. de O. Souza, Assistente Social.","Rua Vernizio Cestari, nº 60, Tangará",,,,pendente,,,,"Desistência do idoso — Orientado sobre os critérios de acolhimento. Não há vagas disponíveis, no momento.",2026-04-14
d9877768-2970-4fd0-8ebf-eec756bc7d38,Adônio Devazio,163243-3826,2025-12-18,arquivado,padrao,contato_direto,"O Sr. Adônio compareceu ao Lar, acompanhado pelo enfermeiro Claudio, da Clínica Ehidi, demostrando interesse em morar aqui. O enfermeiro relatou que ele está na Clínica há dois anos e que, não se sente feliz. Ele é resistente as atividades promovidas pela Instituição e não tem contato com os moradores de lá. Por isso, a pedido do idoso e pela instância do mesmo, estão aqui para realizar a triagem. E que, os filhos não tem conhecimento sobre essa visita. O idoso faz uso de bolsas de colostomia há 14 anos, por conta de um câncer. O referido tem dois filhos, uma que reside na cidade de  Jundiaí, e outro, que reside em Monte Alto (tem pouco contato, pois a relação é marcadas por conflitos). Eles foram orientados sobre os critérios de atendimento do Lar. E que neste momento, o Lar não possui vaga disponível. Relatório realizado pela Sra. Liliane Bertolazzi, Assistente Social. ",Clínica do Ehidi,,,,pendente,,,,Institucionalizado em outro local — O idoso está na Clínica Ehidi há dois anos.,2026-04-14
16c52e0d-fa3f-49b2-92af-44fb40d9f2af,Marcílio Caetano Medeiros,16 99759-5498 Filha Isabel,2025-12-29,arquivado,padrao,contato_direto,"A filha única Isabel procurou o Lar, relatando que, o pai reside sozinho, em uma casa alugada, e que se preocupa com o fato do pai, ficar a maior parte do tempo sozinho, já que ela trabalha em período integral como inspetora na escola Thyrso, em Monte Alto/SP. O idoso não possui problema de saúde, fazendo uso apenas de medicamento para a pressão. Ele apresenta dificuldade de locomoção, necessitando da ajuda do andador. No momento, a filha leva as principais refeições para o pai. A referida foi questionada sobre a possibilidade do idoso morar com ela, mas pelo fato, dela trabalhar o dia todo, o marido viajar e o filho, também trabalhar, o pai também ficaria sozinho. A filha destaca que, aqui, ele teria pessoas para conversar e interagir. O idoso tem conhecimento sobre a vaga e permitiu, a filha, a procurar a Instituição. A Instituição orientou a Sra. Isabel sobre os nossos critérios e que, no momento, não temos vagas masculinas disponíveis. A triagem e a visita domiciliar foram realizadas. Do ponto de vista social, o idoso está apto a vir para o Lar. Relato da Sra. Liliane Bertolazzi, Assistente Social. ","Rua 25 de Março, nº 182, São Cristovão",,,,pendente,,,,"Desistência do idoso — O idoso relatou no dia 02/02/2026 que não tem interesse de residir no Lar. E que foi a filha, quem pediu para ele dizer que tinha interesse na vaga.",2026-04-14
1d638c7b-1321-4b23-b1c5-c3ecba2b2ca3,João Nicolau Pavolin,(16) 99746-5058 Kleber Pavolin Filho,2026-03-03,avaliacao_medica,padrao,,,"Rua Dr. Raul da Rocha Medeiros, 394",,,,,Aprovado para passar pelo médico.,pendente,,,,,,2026-03-03
b182dab0-75c1-4b5c-a237-10e3917dc87a,Aryton Mussato ,(16) 99332-0882,2026-03-05,arquivado,padrao,,,,"Rua Gino Vitório Rossi, 221",,,,pendente,,,,"Desistência do idoso — O idoso não sabia que viria para o Lar, e recusou a vaga.",2026-04-14
aa28c6ca-6baf-4f30-9815-6cb5f0661f17,eloy Aymar Justino ,(16)99784-2843,2026-03-05,arquivado,padrao,,,,"Rua Belmiro Barroso, 151",favoravel,Encaminhado para exames laboral.,APROVADO PARA O MÉDICO.,pendente,,,,Desistência do idoso,2026-04-14
6457e6e6-bd3b-4a2a-8210-26346851a0b2,Dorivaldo Leolpodo ,,2026-03-03,acolhido,social_urgente,,,,"Antônio Gonçalves Pires, 189 ",favoravel,,ok,assinado,2026-04-10,Normal.,2026-04-14,,,2026-03-03
12f88777-a42a-464b-a3b8-7861651a0d9d,Sebastião Salles Ferreira ,(16)99254-8094,2026-03-03,acolhido,social_urgente,,,,"Rua São João, 47",favoravel,,Aprovado.,assinado,2026-03-27,,2026-04-14,,,2026-03-03
b7070605-b211-4074-8b9e-f3db28ebe2dc,MARIA DO CARMO,166661161,2026-02-11,arquivado,padrao,,,,RUA JOAO ROSA 35,favoravel,APTO SEM PROBLEMAS,DIRETORIA FAVORAVEL,pendente,,,,Desistência do idoso,2026-04-14
6d79eb08-61a8-4d4a-a381-a9245725932e,JO,,,arquivado,padrao,,,,,,,,pendente,,,,Desistência do idoso,2026-04-14
